N°;Catégorie / Pilier;Fonctionnalité WAZAP Livreur;Description & Fonctionnement;Valeur Ajoutée pour le Livreur;Canal d'Utilisation;Référence Code / Module;Statut
1;1. Rémunération Nette & Tarifs Équitables;0% de Commission sur les Frais de Course;WAZAP ne prélève strictement aucun pourcentage sur le prix de livraison. Les frais de course payés par le client ou le commerçant reviennent à 100% au livreur.;Gains nets maximaux pour le livreur (100% dans sa poche), contrairement aux plateformes concurrentes qui prélèvent de 20% à 30% par course.;Modèle Économique WAZAP / Invariant;marketing/POLITIQUE_COMMERCIALE_ET_POSITIONNEMENT.md;Actif en Production
2;1. Rémunération Nette & Tarifs Équitables;Plancher Garanti à 1 000 FCFA Net dès le 1er mètre;Tarif minimum garanti de 1 000 FCFA même pour une course courte de 300 à 500 mètres dans le même quartier.;Fin des courses dérisoires à 500 F ou 700 F qui ne remboursent même pas le carburant. Chaque déplacement est rentable et digne.;Moteur de tarification & Validation de commande;src/Wazap.API/Services/VendorTextCommands.cs;Actif en Production
3;1. Rémunération Nette & Tarifs Équitables;Grille Tarifaire Fixe & Transparente Grand Abidjan;Barème par paliers clairs : 1 000 F (intra-commune), 1 500 F (communes voisines), 2 000 F (traversée de pont), 2 500 F (périphérie).;Fin du marchandage épuisant avec les clients ou commerçants. Le prix est connu et validé d'avance avant le départ.;WhatsApp (/tarifs) & Cockpit Livreur;web/src/pages/LivreurPage.tsx;Actif en Production
4;1. Rémunération Nette & Tarifs Équitables;Paiement Immédiat & Zéro Délai de Reversement;Règlement des frais de livraison perçu immédiatement dès la fin de course (via Mobile Money direct ou transfert en 1 clic).;Pas de blocage de trésorerie sur un solde virtuel bloqué 15 jours. L'argent est disponible le jour même pour le carburant et la famille.;Wave / Orange Money / MTN MoMo direct;src/Wazap.Application/Services/PaymentSplitService.cs;Actif en Production
5;1. Rémunération Nette & Tarifs Équitables;Consultation Instantanée des Gains en 1 Clic;Commande WhatsApp « SOLDE », « GAINS » ou raccourci « 3 » renvoyant le montant total cumulé et le nombre de courses effectuées.;Suivi limpide de sa rentabilité journalière et mensuelle sans calcul manuel ni carnet papier.;WhatsApp Bot (05 44 05 19 72) & Dashboard;src/Wazap.API/Services/RiderTextCommands.cs;Actif en Production
6;2. Sécurité Physique & Bouclier Zéro Cash;Bouclier Fondateur « Zéro Cash Marchandise »;Le livreur ne transporte ni n'encaisse les espèces des commerçants (aucune recette de 20 000 F, 50 000 F ou 100 000 F dans ses poches).;Élimination intégrale du risque de braquage à moto, d'agression nocturne et de vol de recette. Sérénité totale sur les routes d'Abidjan.;Règle Canonique Inviolable WAZAP;.ecc/memory/project/invariants.md;Actif en Production
7;2. Sécurité Physique & Bouclier Zéro Cash;Encaissement 100% Digital par QR Code Universel;À la livraison, le livreur présente son QR Code WAZAP au client qui le scanne avec Wave, Orange Money, MTN, Moov ou Carte Bancaire.;L'argent de la marchandise va directement au commerçant. Zéro manipulation de fausse monnaie, zéro problème de rendu de monnaie.;QR Code Universel WAZAP (physique ou smartphone);src/Wazap.API/Controllers/ClientOrdersController.cs;Actif en Production
8;2. Sécurité Physique & Bouclier Zéro Cash;Preuve de Livraison Inviolable par Code PIN Client;Clôture de course sécurisée par code confidentiel à 4 chiffres fourni par le client destinataire (« LIVRE <code> CODE 1234 » ou simple PIN).;Protection infaillible du coursier contre les clients de mauvaise foi qui prétendent n'avoir jamais reçu leur colis.;WhatsApp Bot & Page de suivi client PWA;src/Wazap.API/Services/RiderDeliveryCommands.cs;Actif en Production
9;2. Sécurité Physique & Bouclier Zéro Cash;Protection Intégrale contre les Accusations de Vol;Grâce au scellé numéroté Colis Sûr et à la déclaration de sinistre intégrée, le livreur est juridiquement couvert en cas de litige.;Fin du risque d'être accusé arbitrairement par un commerçant ou poursuivi pour un colis endommagé ou perdu en route.;Assurance Colis Sûr WAZAP;src/Wazap.Application/Services/ColisSurService.cs;Actif en Production
10;2. Sécurité Physique & Bouclier Zéro Cash;Badge Officiel « Coursier Professionnel Certifié »;Attribution du badge officiel « 🛡️ CERTIFIÉ WAZAP » après contrôle OCR de la pièce d'identité (CNI ou Permis).;Dignité professionnelle et respect accrus : le coursier est reconnu comme un professionnel de confiance certifié, non un coursier informel.;Profil Livreur, Badge Web & WhatsApp;web/src/pages/RiderDashboardPage.tsx;Actif en Production
11;3. Logistique 1-Tap (100% WhatsApp);Zéro Application Lourde à Télécharger;Aucune application de 100 Mo qui chauffe le smartphone, vide la batterie sous le soleil ou consomme le forfait internet du coursier.;Fonctionne sur 100% des smartphones avec l'application WhatsApp déjà installée. Économie de batterie et de forfait data.;WhatsApp Business (+225 05 44 05 19 72);web/src/pages/LivreurPage.tsx;Actif en Production
12;3. Logistique 1-Tap (100% WhatsApp);Bascule de Disponibilité 1-Tap (« DISPO » / « INDISPO »);Mise en ligne instantanée par le mot « DISPO » (ou « 1 » ou bouton vert) et mise en pause par « INDISPO » (ou « 2 » ou bouton rouge).;Zéro alerte intempestive pendant la pause déjeuner, les pannes mécaniques ou la pluie. Maîtrise totale de son temps de travail.;WhatsApp Bot & Cockpit Livreur;src/Wazap.API/Services/RiderTextCommands.cs;Actif en Production
13;3. Logistique 1-Tap (100% WhatsApp);Sélecteur Rapide de Commune (Proximité Immédiate);Choix de sa zone d'intervention en 1 tap parmi 10 communes du Grand Abidjan (Cocody, Yopougon, Marcory, Plateau, Koumassi...).;Le livreur ne reçoit que des courses à proximité de son emplacement. Zéro kilomètre inutile à tourner à vide dans les embouteillages.;Cockpit Web & Commande WhatsApp « ZONE »;web/src/pages/RiderDashboardPage.tsx;Actif en Production
14;3. Logistique 1-Tap (100% WhatsApp);Alertes de Courses Ultra-Détaillées en 1 Tap;Notification WhatsApp complète à chaque course : Boutique de retrait, destination client, marchandise, et frais nets garantis.;Toutes les informations nécessaires avant d'accepter. Acceptation en 1 clic sans hésitation ni mauvaise surprise.;Notification WhatsApp Push (YCloud);src/Wazap.Application/Services/DeliveryOfferService.cs;Actif en Production
15;3. Logistique 1-Tap (100% WhatsApp);Bouton Itinéraire GPS 1-Tap (Google Maps);Lien direct dans le cockpit web qui ouvre l'itinéraire Google Maps vers l'adresse exacte du client d'un seul toucher.;Navigation GPS fluide sans avoir à retaper ou chercher les noms de rues et quartiers compliqués d'Abidjan.;Cockpit Livreur (/app/rider/dashboard);web/src/pages/RiderDashboardPage.tsx;Actif en Production
16;3. Logistique 1-Tap (100% WhatsApp);Contact Direct Vendeur & Client en 1 Clic;Boutons intégrés pour appeler (« tel: ») ou ouvrir une conversation WhatsApp pré-remplie (« wa.me ») avec le commerçant ou le client.;Communication ultra-rapide sans enregistrer de numéros dans son répertoire téléphonique personnel.;Cockpit Livreur & Alertes WhatsApp;web/src/pages/RiderDashboardPage.tsx;Actif en Production
17;3. Logistique 1-Tap (100% WhatsApp);Commandes de Course Ultra-Courtes (« RECU », « LIVRE »);Mise à jour du statut par des mots clés courts ou des chiffres uniques : « RECU » (colis pris en charge), « LIVRE » ou code PIN 4 chiffres.;Pilotage facile à une main avec les gants de moto sans devoir rédiger de longs messages textuels.;WhatsApp Business (+225 05 44 05 19 72);src/Wazap.API/Services/RiderDeliveryCommands.cs;Actif en Production
18;4. Recrutement Express & OCR Pièce;Enrôlement 1-Tap par Chiffres ou Sous-Quartiers;Envoi de « DISPO » suivi d'un simple chiffre (1 à 5) ou nom de quartier (Angré, Maroc, Biétry...) pour s'inscrire.;Inscription accessible même aux coursiers peu scolarisés, sans aucun questionnaire complexe à remplir.;WhatsApp Business (+225 05 44 05 19 72);src/Wazap.API/Services/RiderRecruitmentService.cs;Actif en Production
19;4. Recrutement Express & OCR Pièce;Extraction Magique de la CNI / Permis par OCR (Google Vision);Le livreur envoie simplement la photo de sa CNI ou de son permis Quipux sur WhatsApp : le robot extrait automatiquement nom, numéro et validité.;Zéro frappe au clavier de son identité administrative. Activation ultra-rapide en moins d'une minute.;WhatsApp Media / Google Cloud Vision OCR;src/Wazap.Infrastructure/Services/GoogleVisionOcrService.cs;Actif en Production
20;4. Recrutement Express & OCR Pièce;Zéro Mot de Passe à Mémoriser (Authentification 1-Clic);Accès direct à son cockpit livreur par liens cliquables WhatsApp pré-remplis (wa.me) ou paramètre URL sécurisé (?u=...&p=...).;Fin des blocages de comptes par mot de passe oublié. Accès instantané à son tableau de bord en 1 tap.;Lien URL sécurisé WhatsApp;web/src/pages/LoginPage.tsx;Actif en Production
21;5. Carrière, Réputation & Smartphone;Défi Ambassadeur : Smartphone Xiaomi Redmi 15C Neuf Offert;Programme trimestriel récompensant les coursiers réguliers et actifs : remise en main propre d'un smartphone neuf scellé.;Opportunité concrète de renouveler son outil de travail gratuitement grâce à son travail sur le terrain.;Programme Ambassadeur WAZAP;src/Wazap.API/Services/RiderProgramService.cs;Actif en Production
22;5. Carrière, Réputation & Smartphone;Suivi Visuel de Progression vers le Smartphone (Jauges);Cartes de progression dans le cockpit web et sur WhatsApp montrant l'avancement des livraisons et des filleuls validés.;Motivation permanente et transparence totale : le livreur sait exactement combien de courses lui restent pour débloquer son téléphone.;Cockpit Livreur & Commande « PROGRAMME »;web/src/pages/RiderDashboardPage.tsx;Actif en Production
23;5. Carrière, Réputation & Smartphone;Parrainage Confrère 1-Clic Pré-rempli;Lien d'invitation personnalisé « wa.me/2250544051972?text=DISPO {Code} » à partager directement sur WhatsApp à ses collègues motards.;Le collègue clique sur le lien et est automatiquement rattaché en filleul. Accélération de l'obtention du smartphone cadeau.;Bouton WhatsApp Partager 1-tap;web/src/pages/RiderDashboardPage.tsx;Actif en Production
24;5. Carrière, Réputation & Smartphone;Système de Réputation & Avis Clients Évalués;Note sur 5 étoiles attribuée par les clients après chaque livraison, commande « AVIS » pour consulter ses retours et « REPONDRE ».;Valorisation des livreurs les plus polis, soignés et rapides. Les meilleurs profils obtiennent plus de courses et de pourboires.;WhatsApp Bot (« AVIS ») & Cockpit;src/Wazap.API/Services/RiderRatingService.cs;Actif en Production
25;5. Carrière, Réputation & Smartphone;Alertes Prioritaires (Packs Priorité Vague 1);Option permettant de recevoir les propositions de livraisons 30 secondes avant les autres livreurs de son secteur.;Choix des meilleures courses les plus rémunératrices et rentabilisation maximale de sa journée de travail.;Moteur de Dispatch & Packs Priorité;src/Wazap.API/Services/RiderPriorityService.cs;Actif en Production
