N°;Catégorie / Pilier;Fonctionnalité WAZAP;Description & Fonctionnement;Valeur Ajoutée pour le Commerçant;Canal d'Utilisation;Référence Code / Module;Statut
1;1. Sécurité Financière;Règle « Zéro Cash Marchandise »;Le coursier ne transporte et n'encaisse aucun argent liquide sur les produits du commerçant. Tout règlement s'opère par mobile money.;Suppression définitive du cauchemar des livreurs qui disparaissent avec la recette, fin des fausses coupures et des litiges de rendu de monnaie.;Règle absolue / QR Code Universel;.ecc/memory/project/invariants.md;Actif en Production
2;1. Sécurité Financière;Paiement Fractionné Instantané (Split Payment);Ventilation automatique et simultanée des fonds dès que le client scanne et valide son règlement.;100% du prix des produits est crédité directement et immédiatement sur le compte Mobile Money du commerçant. Les frais de course vont au livreur.;Passerelle de paiement GeniusPay / WAZAP;src/Wazap.Application/Services/PaymentSplitService.cs;Actif en Production
3;1. Sécurité Financière;QR Code Universel Multi-Opérateurs;Un seul QR Code compatible équitablement avec Wave, Orange Money, MTN MoMo, Moov Money et Cartes Bancaires (Visa/Mastercard).;Zéro friction pour le client final, aucun refus d'opérateur, le commerçant n'a pas à multiplier les numéros ou les affichages.;Scan smartphone natif ou application Mobile Money;src/Wazap.API/Controllers/ClientOrdersController.cs;Actif en Production
4;1. Sécurité Financière;Garantie Colis Sûr & Indemnisation 48h;Scellé de sécurité numéroté et procédure accélérée de déclaration de sinistre en 1 clic par WhatsApp (« SINISTRE <code> »).;En cas de perte, vol ou avarie avérée en cours de transport, le marchand est indemnisé directement par Mobile Money sous 48h (jusqu'à 50 000 FCFA).;WhatsApp Bot (05 44 05 19 72) / Scellé physique;src/Wazap.Application/Services/ColisSurService.cs;Actif en Production
5;1. Sécurité Financière;Code PIN de Validation de Remise;Code confidentiel à 4 chiffres généré pour chaque course et transmis au client pour libérer la livraison.;Le livreur ne peut pas clôturer la course sans ce code. Élimination totale des contestations de clients prétendant n'avoir jamais reçu leur commande.;Lien de suivi client PWA / WhatsApp;src/Wazap.Domain/Entities/Order.cs;Actif en Production
6;2. Vitesse & Logistique;Expédition Express 1-Clic WhatsApp;Déclenchement d'une course via un simple message « LIVRAISON <produits> à <adresse> » ou via le lien pré-rempli wa.me.;Zéro formulaire lourd à remplir, zéro téléchargement d'application pour le commerçant. Envoi d'un coursier en 5 secondes.;WhatsApp Business (+225 05 44 05 19 72);src/Wazap.API/Services/VendorTextCommands.cs;Actif en Production
7;2. Vitesse & Logistique;Commande par Note Vocale IA (🎙️);Le commerçant envoie directement une note vocale sur WhatsApp décrivant ce qu'il faut livrer, où et pour qui.;Gain de temps massif pendant les heures de rush en boutique. L'IA transcrit, identifie le contact, l'adresse et le montant sans aucune saisie clavier.;WhatsApp Business (+225 05 44 05 19 72);src/Wazap.API/Controllers/GatewayWhatsAppController.cs;Actif en Production
8;2. Vitesse & Logistique;Dispatch Intelligent en Moins de 3 Minutes;Algorithme de mise en relation géolocalisée immédiate ciblant les coursiers actifs dans la commune exacte du commerce.;Fin des appels téléphoniques interminables pour chercher un livreur disponible. Un motard arrive à la boutique en moyenne en 3 minutes.;Moteur Backend automatique;src/Wazap.Application/Services/DeliveryOfferService.cs;Actif en Production
9;2. Vitesse & Logistique;Déclenchement Automatique par Position GPS Client;Le client ouvre son lien de suivi et confirme sa géolocalisation exacte sur carte interactive.;Le commerçant n'a plus à expliquer les carrefours ou repères compliqués au livreur. La recherche de livreur démarre automatiquement au clic du client.;Page de Suivi Web / PWA (/app/suivi/:id);src/Wazap.API/Controllers/ClientOrdersController.cs;Actif en Production
10;2. Vitesse & Logistique;Grille Tarifaire Transparente Grand Abidjan;Barème fixe et clair pré-configuré : 1 000 F (même commune), 1 500 F (commune voisine), 2 000 F (traversée de pont / longue distance).;Plancher garanti pour les livreurs, aucun marchandage ni mauvaise surprise tarifaire pour le commerçant ou son client.;Dashboard Marchand & Réponse rapide WhatsApp (/tarifs);web/src/pages/VendorDashboardPage.tsx;Actif en Production
11;2. Vitesse & Logistique;Flotte 100% Certifiée par OCR (Google Cloud Vision);Chaque livreur est audité avec CNI biométrique ONECI ou Permis de conduire Quipux extrait et vérifié par OCR.;Sécurité absolue : le commerçant confie ses marchandises de valeur uniquement à des coursiers formellement identifiés et tracés.;Certification Backend & Profil Livreur;src/Wazap.Infrastructure/Services/GoogleVisionOcrService.cs;Actif en Production
12;3. Catalogue & Vente IA;Magic Importer de Catalogue par IA (Gemini Flash);Commande « IMPORT <url ou texte> » : l'IA analyse un lien Facebook, Instagram, un flyer photo ou une liste brute.;Création instantanée du catalogue du marchand en 1 seconde. Détection automatique des articles, prix et emojis sans frappe manuelle.;WhatsApp Bot (05 44 05 19 72);src/Wazap.API/Services/VendorTextCommands.cs;Actif en Production
13;3. Catalogue & Vente IA;Menu Bot WhatsApp Numéroté Interactif;Commande « PRODUITS » affichant la carte de la boutique sous forme de menu avec numéros simples (1, 2, 3...).;Les clients du commerçant peuvent commander en répondant simplement avec un chiffre, sans écrire de phrase complexe.;WhatsApp Business (+225 05 44 05 19 72);src/Wazap.Application/Services/VendorProductService.cs;Actif en Production
14;3. Catalogue & Vente IA;Générateur de Liens d'Achat 1-Clic WhatsApp par Article;Bouton dans l'espace catalogue générant un lien wa.me pré-rempli pour chaque produit avec nom, emoji et prix.;Le commerçant colle ce lien dans sa bio TikTok, story Instagram ou statut WhatsApp : le client clique et le message d'achat est prêt.;Espace Web Catalogue (/app/catalogue);web/src/pages/CataloguePage.tsx;Actif en Production
15;3. Catalogue & Vente IA;Gestion des Stocks en Temps Réel (1-Tap);Bascule directe « En stock ✅ » / « Épuisé ❌ » depuis le tableau de bord ou par commande de retrait WhatsApp.;Évite les déconvenues et les annulations de commandes en masquant immédiatement les articles en rupture.;Espace Web Catalogue & WhatsApp;web/src/pages/CataloguePage.tsx;Actif en Production
16;3. Catalogue & Vente IA;Mini-Vitrine Web E-commerce Dédiée;Page web responsive clé en main (/app/vente) présentant les offres de livraison et les produits du commerce.;Permet au commerçant d'avoir une présence en ligne professionnelle sans payer d'hébergement ou d'abonnement e-commerce tiers.;Page Web Universelle (/app/vente);web/src/pages/VentePage.tsx;Actif en Production
17;4. Cockpit & Analytics;Bannière « Commandes Reçues en 1 Clic »;Espace dédié en haut du tableau de bord affichant en temps réel les commandes passées par les clients sur WhatsApp.;Un simple tap sur le bouton vert « 🚀 Expédier en 1 Clic » lance immédiatement la recherche d'un coursier sans ressaisie.;Dashboard Marchand (/app/vendor/dashboard);web/src/pages/VendorDashboardPage.tsx;Actif en Production
18;4. Cockpit & Analytics;Tableau de Bord KPIs & Suivi du Chiffre d'Affaires;Indicateurs en temps réel : Chiffre d'affaires livré du mois, Panier moyen (FCFA), Taux de succès des livraisons (%), Courses en cours.;Visibilité totale sur la santé de son business et la performance de ses expéditions, accessible sur mobile et ordinateur.;Dashboard Marchand & Commande WhatsApp « DASHBOARD »;src/Wazap.Application/Dtos/VendorDashboardDto.cs;Actif en Production
19;4. Cockpit & Analytics;Module « Meilleurs Clients » (Top Clients & Fidélisation);Classement automatique des meilleurs clients avec podium (🥇🥈🥉), volume de commandes et montants totaux cumulés.;Bouton 1-clic « 💬 Fidéliser » ouvrant une conversation WhatsApp personnalisée avec le client pour lui offrir une remise ou un bon de course.;Dashboard Marchand (/app/vendor/dashboard);web/src/pages/VendorDashboardPage.tsx;Actif en Production
20;4. Cockpit & Analytics;Suivi GPS Live Partageable en 1 Clic;Bouton « 📲 Partager » générant un lien interactif de tracking (/app/suivi/:id) avec le nom du client et le code de course.;Le client final suit l'approche du livreur sur carte. Réduction de 90% des appels impatients adressés au commerçant.;Lien Web PWA & Partage WhatsApp 1-tap;web/src/pages/VendorDashboardPage.tsx;Actif en Production
21;4. Cockpit & Analytics;Module Modal « Régler Coursier » en 1 Clic;Fenêtre dédiée séparant nettement le prix marchandise du tarif de course dû au livreur.;Boutons 1-tap pour appeler le coursier ou ouvrir directement l'application Wave ou Orange Money (*144#) pour lui virer ses frais sans intermédiaire.;Dashboard Marchand (/app/vendor/dashboard);web/src/pages/VendorDashboardPage.tsx;Actif en Production
22;4. Cockpit & Analytics;Authentification 1-Clic Sans Mot de Passe (Magic Link);Connexion automatique via les paramètres URL reçus sur WhatsApp (?u=...&p=...).;Zéro identifiant à taper, aucun mot de passe oublié. Accès instantané à son espace de gestion en touchant le lien reçu.;Lien URL sécurisé WhatsApp;web/src/pages/LoginPage.tsx;Actif en Production
23;5. Modèle Économique & Packs;0% de Commission sur les Ventes;WAZAP facture uniquement la mise en relation par crédit de course et ne prend aucun pourcentage sur le prix des produits vendus.;Préservation intégrale des marges du commerçant, contrairement aux plateformes classiques prélevant entre 15% et 30% du CA.;Politique commerciale WAZAP;marketing/POLITIQUE_COMMERCIALE_ET_POSITIONNEMENT.md;Actif en Production
24;5. Modèle Économique & Packs;Pack Découverte : 15 Courses 100% Offertes;15 crédits offerts à l'activation du compte sans aucun paiement ni engagement de carte bancaire.;Permet au commerçant de tester la vitesse, la fiabilité et la sécurité du réseau WAZAP en conditions réelles sans dépenser un franc.;Accueil WhatsApp Business (05 44 05 19 72);src/Wazap.Application/Configuration/VendorOnboardingOptions.cs;Actif en Production
25;5. Modèle Économique & Packs;Programme de Parrainage Marchand (+5 Crédits par Filleul);Code parrain unique attribué à chaque marchand avec bouton de recommandation WhatsApp prêt à envoyer.;Le commerçant gagne 5 livraisons gratuites chaque fois qu'un confrère commerçant s'inscrit et utilise WAZAP.;Dashboard Marchand & WhatsApp Bot;src/Wazap.Application/Dtos/VendorDashboardDto.cs;Actif en Production
