"ID","Jour","Slot","Cible","Fichier_Video","Hook","Legende","Commentaire_Epingle","Statut"
"1","1","matin (12h00)","commercant","generated/wazap_tiktok_j01.mp4","Tes clients veulent commander... et [personne ne livre] ?","Tes clients veulent commander... et personne ne livre ?

Avec WAZAP, tu trouves un livreur vérifié dans ton quartier en 1 clic. Zéro frais d’abonnement, tes 15 premières livraisons sont offertes pour tester !

👉 Clique le lien dans la bio pour activer ton commerce en 30 secondes.

#VenteEnLigne #CommerceAbidjan #BoutiqueAbidjan #AbidjanShopping #LivraisonAbidjan #WAZAP","Tu vends quoi dans ta boutique ? Vêtements, nourriture, mèches, beauté ? Dis-le en com 👇","Prêt à programmer"
"2","1","soir (19h00)","livreur","generated/wazap_tiktok_j02.mp4","Sois ton propre patron : [choisis tes heures] et tes courses 🛵","Sois ton propre patron : choisis tes heures et tes courses 🛵

Rejoins la flotte WAZAP : reçois les propositions de livraison proches de toi. Zéro commission abusive, liberté totale.

👉 Postule gratuitement via le lien dans la bio !

#LivreurAbidjan #MotoAbidjan #JobAbidjan #EmploiCI #GagnerDeLargent #Abidjan225 #WAZAP","Tu roules sur quelle moto et dans quel quartier ? Dis-le en com 🛵👇","Prêt à programmer"
"3","2","matin (12h00)","client","generated/wazap_tiktok_j03.mp4","La [Garantie Colis Sûr] : ton colis indemnisé à 100% en cas de souci","La Garantie Colis Sûr : ton colis indemnisé à 100% en cas de souci

Avec WAZAP, chaque course est tracée sur la carte avec un code PIN secret. Le client sait où est son colis à la seconde près !

👉 Découvre l’expérience en cliquant sur le lien en bio.

#TechCI #AbidjanInnovation #SecuriteColis #LivraisonFiable #WAZAP","C’est quoi la pire excuse qu’un coursier t’a déjà sortie ? Raconte en com 😂👇","Prêt à programmer"
"4","2","soir (19h00)","commercant","generated/wazap_tiktok_j04.mp4","Le secret des boutiques qui [livrent en 45 min] à Abidjan ⚡","Le secret des boutiques qui livrent en 45 min à Abidjan ⚡

Avec WAZAP, tu trouves un livreur vérifié dans ton quartier en 1 clic. Zéro frais d’abonnement, tes 15 premières livraisons sont offertes pour tester !

👉 Clique le lien dans la bio pour activer ton commerce en 30 secondes.

#VenteEnLigne #CommerceAbidjan #BoutiqueAbidjan #AbidjanShopping #LivraisonAbidjan #WAZAP","Tu vends quoi dans ta boutique ? Vêtements, nourriture, mèches, beauté ? Dis-le en com 👇","Prêt à programmer"
"5","3","matin (12h00)","livreur","generated/wazap_tiktok_j05.mp4","Pourquoi rouler pour rien quand les boutiques [t’appellent direct] ?","Pourquoi rouler pour rien quand les boutiques t’appellent direct ?

Rejoins la flotte WAZAP : reçois les propositions de livraison proches de toi. Zéro commission abusive, liberté totale.

👉 Postule gratuitement via le lien dans la bio !

#LivreurAbidjan #MotoAbidjan #JobAbidjan #EmploiCI #GagnerDeLargent #Abidjan225 #WAZAP","Tu roules sur quelle moto et dans quel quartier ? Dis-le en com 🛵👇","Prêt à programmer"
"6","3","soir (19h00)","quartier","generated/wazap_tiktok_j06.mp4","Avis aux boutiques et livreurs de [Treichville] ! 📍","Avis à Treichville ! WAZAP connecte les commerces et les livreurs de votre commune pour livrer en moins d’une heure. Avenue 16, Arras, Rue 12.

👉 15 livraisons offertes via le lien en bio !

#Treichville #Abidjan #QuartierAbidjan #BoutiqueTreichville #CommerceCI #WAZAP","Tu es dans quel coin de Treichville ? Dis-nous en commentaire 👇","Prêt à programmer"
"7","4","matin (12h00)","commercant","generated/wazap_tiktok_j07.mp4","Tes clients veulent commander... et [personne ne livre] ?","Tes clients veulent commander... et personne ne livre ?

Avec WAZAP, tu trouves un livreur vérifié dans ton quartier en 1 clic. Zéro frais d’abonnement, tes 15 premières livraisons sont offertes pour tester !

👉 Clique le lien dans la bio pour activer ton commerce en 30 secondes.

#VenteEnLigne #CommerceAbidjan #BoutiqueAbidjan #AbidjanShopping #LivraisonAbidjan #WAZAP","Tu vends quoi dans ta boutique ? Vêtements, nourriture, mèches, beauté ? Dis-le en com 👇","Prêt à programmer"
"8","4","soir (19h00)","livreur","generated/wazap_tiktok_j08.mp4","Sois ton propre patron : [choisis tes heures] et tes courses 🛵","Sois ton propre patron : choisis tes heures et tes courses 🛵

Rejoins la flotte WAZAP : reçois les propositions de livraison proches de toi. Zéro commission abusive, liberté totale.

👉 Postule gratuitement via le lien dans la bio !

#LivreurAbidjan #MotoAbidjan #JobAbidjan #EmploiCI #GagnerDeLargent #Abidjan225 #WAZAP","Tu roules sur quelle moto et dans quel quartier ? Dis-le en com 🛵👇","Prêt à programmer"
"9","5","matin (12h00)","client","generated/wazap_tiktok_j09.mp4","Le [Code Secret PIN] qui empêche les vols de colis à Abidjan 🔒","Le Code Secret PIN qui empêche les vols de colis à Abidjan 🔒

Avec WAZAP, chaque course est tracée sur la carte avec un code PIN secret. Le client sait où est son colis à la seconde près !

👉 Découvre l’expérience en cliquant sur le lien en bio.

#TechCI #AbidjanInnovation #SecuriteColis #LivraisonFiable #WAZAP","C’est quoi la pire excuse qu’un coursier t’a déjà sortie ? Raconte en com 😂👇","Prêt à programmer"
"10","5","soir (19h00)","commercant","generated/wazap_tiktok_j10.mp4","Le secret des boutiques qui [livrent en 45 min] à Abidjan ⚡","Le secret des boutiques qui livrent en 45 min à Abidjan ⚡

Avec WAZAP, tu trouves un livreur vérifié dans ton quartier en 1 clic. Zéro frais d’abonnement, tes 15 premières livraisons sont offertes pour tester !

👉 Clique le lien dans la bio pour activer ton commerce en 30 secondes.

#VenteEnLigne #CommerceAbidjan #BoutiqueAbidjan #AbidjanShopping #LivraisonAbidjan #WAZAP","Tu vends quoi dans ta boutique ? Vêtements, nourriture, mèches, beauté ? Dis-le en com 👇","Prêt à programmer"
"11","6","matin (12h00)","livreur","generated/wazap_tiktok_j11.mp4","Pourquoi rouler pour rien quand les boutiques [t’appellent direct] ?","Pourquoi rouler pour rien quand les boutiques t’appellent direct ?

Rejoins la flotte WAZAP : reçois les propositions de livraison proches de toi. Zéro commission abusive, liberté totale.

👉 Postule gratuitement via le lien dans la bio !

#LivreurAbidjan #MotoAbidjan #JobAbidjan #EmploiCI #GagnerDeLargent #Abidjan225 #WAZAP","Tu roules sur quelle moto et dans quel quartier ? Dis-le en com 🛵👇","Prêt à programmer"
"12","6","soir (19h00)","quartier","generated/wazap_tiktok_j12.mp4","Avis aux boutiques et livreurs de [Yopougon] ! 📍","Avis à Yopougon ! WAZAP connecte les commerces et les livreurs de votre commune pour livrer en moins d’une heure. Siporex, Bel Air, Niangon, Maroc.

👉 15 livraisons offertes via le lien en bio !

#Yopougon #Abidjan #QuartierAbidjan #BoutiqueYopougon #CommerceCI #WAZAP","Tu es dans quel coin de Yopougon ? Dis-nous en commentaire 👇","Prêt à programmer"
"13","7","matin (12h00)","commercant","generated/wazap_tiktok_j13.mp4","Tes clients veulent commander... et [personne ne livre] ?","Tes clients veulent commander... et personne ne livre ?

Avec WAZAP, tu trouves un livreur vérifié dans ton quartier en 1 clic. Zéro frais d’abonnement, tes 15 premières livraisons sont offertes pour tester !

👉 Clique le lien dans la bio pour activer ton commerce en 30 secondes.

#VenteEnLigne #CommerceAbidjan #BoutiqueAbidjan #AbidjanShopping #LivraisonAbidjan #WAZAP","Tu vends quoi dans ta boutique ? Vêtements, nourriture, mèches, beauté ? Dis-le en com 👇","Prêt à programmer"
"14","7","soir (19h00)","livreur","generated/wazap_tiktok_j14.mp4","Sois ton propre patron : [choisis tes heures] et tes courses 🛵","Sois ton propre patron : choisis tes heures et tes courses 🛵

Rejoins la flotte WAZAP : reçois les propositions de livraison proches de toi. Zéro commission abusive, liberté totale.

👉 Postule gratuitement via le lien dans la bio !

#LivreurAbidjan #MotoAbidjan #JobAbidjan #EmploiCI #GagnerDeLargent #Abidjan225 #WAZAP","Tu roules sur quelle moto et dans quel quartier ? Dis-le en com 🛵👇","Prêt à programmer"
"15","8","matin (12h00)","humour","generated/wazap_tiktok_j15.mp4","Le moment où le client te dit [J’ai seulement billet de 10 000 F] 💀","Le moment où le client te dit J’ai seulement billet de 10 000 F 💀

Fini les galères de livraison à Babi. Avec WAZAP, tu suis le livreur sur la carte et tout est carré.

👉 Rejoins le mouvement via le lien en bio !

#HumourIvoirien #AbidjanRires #Babi225 #CoteDIvoireComedy #WAZAP","Ça t’est déjà arrivé ? Raconte ton expérience la plus drôle en com 👇","Prêt à programmer"
"16","8","soir (19h00)","commercant","generated/wazap_tiktok_j16.mp4","Le secret des boutiques qui [livrent en 45 min] à Abidjan ⚡","Le secret des boutiques qui livrent en 45 min à Abidjan ⚡

Avec WAZAP, tu trouves un livreur vérifié dans ton quartier en 1 clic. Zéro frais d’abonnement, tes 15 premières livraisons sont offertes pour tester !

👉 Clique le lien dans la bio pour activer ton commerce en 30 secondes.

#VenteEnLigne #CommerceAbidjan #BoutiqueAbidjan #AbidjanShopping #LivraisonAbidjan #WAZAP","Tu vends quoi dans ta boutique ? Vêtements, nourriture, mèches, beauté ? Dis-le en com 👇","Prêt à programmer"
"17","9","matin (12h00)","livreur","generated/wazap_tiktok_j17.mp4","Pourquoi rouler pour rien quand les boutiques [t’appellent direct] ?","Pourquoi rouler pour rien quand les boutiques t’appellent direct ?

Rejoins la flotte WAZAP : reçois les propositions de livraison proches de toi. Zéro commission abusive, liberté totale.

👉 Postule gratuitement via le lien dans la bio !

#LivreurAbidjan #MotoAbidjan #JobAbidjan #EmploiCI #GagnerDeLargent #Abidjan225 #WAZAP","Tu roules sur quelle moto et dans quel quartier ? Dis-le en com 🛵👇","Prêt à programmer"
"18","9","soir (19h00)","client","generated/wazap_tiktok_j18.mp4","Regarde le livreur [arriver en temps réel] sur la carte interactive ⚡","Regarde le livreur arriver en temps réel sur la carte interactive ⚡

Avec WAZAP, chaque course est tracée sur la carte avec un code PIN secret. Le client sait où est son colis à la seconde près !

👉 Découvre l’expérience en cliquant sur le lien en bio.

#TechCI #AbidjanInnovation #SecuriteColis #LivraisonFiable #WAZAP","C’est quoi la pire excuse qu’un coursier t’a déjà sortie ? Raconte en com 😂👇","Prêt à programmer"
"19","10","matin (12h00)","commercant","generated/wazap_tiktok_j19.mp4","Tes clients veulent commander... et [personne ne livre] ?","Tes clients veulent commander... et personne ne livre ?

Avec WAZAP, tu trouves un livreur vérifié dans ton quartier en 1 clic. Zéro frais d’abonnement, tes 15 premières livraisons sont offertes pour tester !

👉 Clique le lien dans la bio pour activer ton commerce en 30 secondes.

#VenteEnLigne #CommerceAbidjan #BoutiqueAbidjan #AbidjanShopping #LivraisonAbidjan #WAZAP","Tu vends quoi dans ta boutique ? Vêtements, nourriture, mèches, beauté ? Dis-le en com 👇","Prêt à programmer"
"20","10","soir (19h00)","livreur","generated/wazap_tiktok_j20.mp4","Sois ton propre patron : [choisis tes heures] et tes courses 🛵","Sois ton propre patron : choisis tes heures et tes courses 🛵

Rejoins la flotte WAZAP : reçois les propositions de livraison proches de toi. Zéro commission abusive, liberté totale.

👉 Postule gratuitement via le lien dans la bio !

#LivreurAbidjan #MotoAbidjan #JobAbidjan #EmploiCI #GagnerDeLargent #Abidjan225 #WAZAP","Tu roules sur quelle moto et dans quel quartier ? Dis-le en com 🛵👇","Prêt à programmer"
"21","11","matin (12h00)","quartier","generated/wazap_tiktok_j21.mp4","Avis aux boutiques et livreurs de [Cocody] ! 📍","Avis à Cocody ! WAZAP connecte les commerces et les livreurs de votre commune pour livrer en moins d’une heure. Angré, Riviera, Deux Plateaux, Saint-Jean.

👉 15 livraisons offertes via le lien en bio !

#Cocody #Abidjan #QuartierAbidjan #BoutiqueCocody #CommerceCI #WAZAP","Tu es dans quel coin de Cocody ? Dis-nous en commentaire 👇","Prêt à programmer"
"22","11","soir (19h00)","commercant","generated/wazap_tiktok_j22.mp4","Le secret des boutiques qui [livrent en 45 min] à Abidjan ⚡","Le secret des boutiques qui livrent en 45 min à Abidjan ⚡

Avec WAZAP, tu trouves un livreur vérifié dans ton quartier en 1 clic. Zéro frais d’abonnement, tes 15 premières livraisons sont offertes pour tester !

👉 Clique le lien dans la bio pour activer ton commerce en 30 secondes.

#VenteEnLigne #CommerceAbidjan #BoutiqueAbidjan #AbidjanShopping #LivraisonAbidjan #WAZAP","Tu vends quoi dans ta boutique ? Vêtements, nourriture, mèches, beauté ? Dis-le en com 👇","Prêt à programmer"
"23","12","matin (12h00)","livreur","generated/wazap_tiktok_j23.mp4","Pourquoi rouler pour rien quand les boutiques [t’appellent direct] ?","Pourquoi rouler pour rien quand les boutiques t’appellent direct ?

Rejoins la flotte WAZAP : reçois les propositions de livraison proches de toi. Zéro commission abusive, liberté totale.

👉 Postule gratuitement via le lien dans la bio !

#LivreurAbidjan #MotoAbidjan #JobAbidjan #EmploiCI #GagnerDeLargent #Abidjan225 #WAZAP","Tu roules sur quelle moto et dans quel quartier ? Dis-le en com 🛵👇","Prêt à programmer"
"24","12","soir (19h00)","client","generated/wazap_tiktok_j24.mp4","Fini le légendaire [Allô le livreur tu es où] ? 🗺️📍","Fini le légendaire Allô le livreur tu es où ? 🗺️📍

Avec WAZAP, chaque course est tracée sur la carte avec un code PIN secret. Le client sait où est son colis à la seconde près !

👉 Découvre l’expérience en cliquant sur le lien en bio.

#TechCI #AbidjanInnovation #SecuriteColis #LivraisonFiable #WAZAP","C’est quoi la pire excuse qu’un coursier t’a déjà sortie ? Raconte en com 😂👇","Prêt à programmer"
"25","13","matin (12h00)","commercant","generated/wazap_tiktok_j25.mp4","Tes clients veulent commander... et [personne ne livre] ?","Tes clients veulent commander... et personne ne livre ?

Avec WAZAP, tu trouves un livreur vérifié dans ton quartier en 1 clic. Zéro frais d’abonnement, tes 15 premières livraisons sont offertes pour tester !

👉 Clique le lien dans la bio pour activer ton commerce en 30 secondes.

#VenteEnLigne #CommerceAbidjan #BoutiqueAbidjan #AbidjanShopping #LivraisonAbidjan #WAZAP","Tu vends quoi dans ta boutique ? Vêtements, nourriture, mèches, beauté ? Dis-le en com 👇","Prêt à programmer"
"26","13","soir (19h00)","livreur","generated/wazap_tiktok_j26.mp4","Sois ton propre patron : [choisis tes heures] et tes courses 🛵","Sois ton propre patron : choisis tes heures et tes courses 🛵

Rejoins la flotte WAZAP : reçois les propositions de livraison proches de toi. Zéro commission abusive, liberté totale.

👉 Postule gratuitement via le lien dans la bio !

#LivreurAbidjan #MotoAbidjan #JobAbidjan #EmploiCI #GagnerDeLargent #Abidjan225 #WAZAP","Tu roules sur quelle moto et dans quel quartier ? Dis-le en com 🛵👇","Prêt à programmer"
"27","14","matin (12h00)","quartier","generated/wazap_tiktok_j27.mp4","Avis aux boutiques et livreurs de [Port-Bouët] ! 📍","Avis à Port-Bouët ! WAZAP connecte les commerces et les livreurs de votre commune pour livrer en moins d’une heure. Vridi, Derrière Wharf, Jean Folly.

👉 15 livraisons offertes via le lien en bio !

#Port-Bouët #Abidjan #QuartierAbidjan #BoutiquePort-Bouët #CommerceCI #WAZAP","Tu es dans quel coin de Port-Bouët ? Dis-nous en commentaire 👇","Prêt à programmer"
"28","14","soir (19h00)","commercant","generated/wazap_tiktok_j28.mp4","Le secret des boutiques qui [livrent en 45 min] à Abidjan ⚡","Le secret des boutiques qui livrent en 45 min à Abidjan ⚡

Avec WAZAP, tu trouves un livreur vérifié dans ton quartier en 1 clic. Zéro frais d’abonnement, tes 15 premières livraisons sont offertes pour tester !

👉 Clique le lien dans la bio pour activer ton commerce en 30 secondes.

#VenteEnLigne #CommerceAbidjan #BoutiqueAbidjan #AbidjanShopping #LivraisonAbidjan #WAZAP","Tu vends quoi dans ta boutique ? Vêtements, nourriture, mèches, beauté ? Dis-le en com 👇","Prêt à programmer"
"29","15","matin (12h00)","livreur","generated/wazap_tiktok_j29.mp4","Pourquoi rouler pour rien quand les boutiques [t’appellent direct] ?","Pourquoi rouler pour rien quand les boutiques t’appellent direct ?

Rejoins la flotte WAZAP : reçois les propositions de livraison proches de toi. Zéro commission abusive, liberté totale.

👉 Postule gratuitement via le lien dans la bio !

#LivreurAbidjan #MotoAbidjan #JobAbidjan #EmploiCI #GagnerDeLargent #Abidjan225 #WAZAP","Tu roules sur quelle moto et dans quel quartier ? Dis-le en com 🛵👇","Prêt à programmer"
"30","15","soir (19h00)","humour","generated/wazap_tiktok_j30.mp4","Commander du [garba chaud] et le voir arriver frais et croustillant 🍗🔥","Commander du garba chaud et le voir arriver frais et croustillant 🍗🔥

Fini les galères de livraison à Babi. Avec WAZAP, tu suis le livreur sur la carte et tout est carré.

👉 Rejoins le mouvement via le lien en bio !

#HumourIvoirien #AbidjanRires #Babi225 #CoteDIvoireComedy #WAZAP","Ça t’est déjà arrivé ? Raconte ton expérience la plus drôle en com 👇","Prêt à programmer"
"31","16","matin (12h00)","commercant","generated/wazap_tiktok_j31.mp4","Tes clients veulent commander... et [personne ne livre] ?","Tes clients veulent commander... et personne ne livre ?

Avec WAZAP, tu trouves un livreur vérifié dans ton quartier en 1 clic. Zéro frais d’abonnement, tes 15 premières livraisons sont offertes pour tester !

👉 Clique le lien dans la bio pour activer ton commerce en 30 secondes.

#VenteEnLigne #CommerceAbidjan #BoutiqueAbidjan #AbidjanShopping #LivraisonAbidjan #WAZAP","Tu vends quoi dans ta boutique ? Vêtements, nourriture, mèches, beauté ? Dis-le en com 👇","Prêt à programmer"
"32","16","soir (19h00)","livreur","generated/wazap_tiktok_j32.mp4","Sois ton propre patron : [choisis tes heures] et tes courses 🛵","Sois ton propre patron : choisis tes heures et tes courses 🛵

Rejoins la flotte WAZAP : reçois les propositions de livraison proches de toi. Zéro commission abusive, liberté totale.

👉 Postule gratuitement via le lien dans la bio !

#LivreurAbidjan #MotoAbidjan #JobAbidjan #EmploiCI #GagnerDeLargent #Abidjan225 #WAZAP","Tu roules sur quelle moto et dans quel quartier ? Dis-le en com 🛵👇","Prêt à programmer"
"33","17","matin (12h00)","client","generated/wazap_tiktok_j33.mp4","Le [Code Secret PIN] qui empêche les vols de colis à Abidjan 🔒","Le Code Secret PIN qui empêche les vols de colis à Abidjan 🔒

Avec WAZAP, chaque course est tracée sur la carte avec un code PIN secret. Le client sait où est son colis à la seconde près !

👉 Découvre l’expérience en cliquant sur le lien en bio.

#TechCI #AbidjanInnovation #SecuriteColis #LivraisonFiable #WAZAP","C’est quoi la pire excuse qu’un coursier t’a déjà sortie ? Raconte en com 😂👇","Prêt à programmer"
"34","17","soir (19h00)","commercant","generated/wazap_tiktok_j34.mp4","Le secret des boutiques qui [livrent en 45 min] à Abidjan ⚡","Le secret des boutiques qui livrent en 45 min à Abidjan ⚡

Avec WAZAP, tu trouves un livreur vérifié dans ton quartier en 1 clic. Zéro frais d’abonnement, tes 15 premières livraisons sont offertes pour tester !

👉 Clique le lien dans la bio pour activer ton commerce en 30 secondes.

#VenteEnLigne #CommerceAbidjan #BoutiqueAbidjan #AbidjanShopping #LivraisonAbidjan #WAZAP","Tu vends quoi dans ta boutique ? Vêtements, nourriture, mèches, beauté ? Dis-le en com 👇","Prêt à programmer"
"35","18","matin (12h00)","livreur","generated/wazap_tiktok_j35.mp4","Pourquoi rouler pour rien quand les boutiques [t’appellent direct] ?","Pourquoi rouler pour rien quand les boutiques t’appellent direct ?

Rejoins la flotte WAZAP : reçois les propositions de livraison proches de toi. Zéro commission abusive, liberté totale.

👉 Postule gratuitement via le lien dans la bio !

#LivreurAbidjan #MotoAbidjan #JobAbidjan #EmploiCI #GagnerDeLargent #Abidjan225 #WAZAP","Tu roules sur quelle moto et dans quel quartier ? Dis-le en com 🛵👇","Prêt à programmer"
"36","18","soir (19h00)","quartier","generated/wazap_tiktok_j36.mp4","Avis aux boutiques et livreurs de [Treichville] ! 📍","Avis à Treichville ! WAZAP connecte les commerces et les livreurs de votre commune pour livrer en moins d’une heure. Avenue 16, Arras, Rue 12.

👉 15 livraisons offertes via le lien en bio !

#Treichville #Abidjan #QuartierAbidjan #BoutiqueTreichville #CommerceCI #WAZAP","Tu es dans quel coin de Treichville ? Dis-nous en commentaire 👇","Prêt à programmer"
"37","19","matin (12h00)","commercant","generated/wazap_tiktok_j37.mp4","Tes clients veulent commander... et [personne ne livre] ?","Tes clients veulent commander... et personne ne livre ?

Avec WAZAP, tu trouves un livreur vérifié dans ton quartier en 1 clic. Zéro frais d’abonnement, tes 15 premières livraisons sont offertes pour tester !

👉 Clique le lien dans la bio pour activer ton commerce en 30 secondes.

#VenteEnLigne #CommerceAbidjan #BoutiqueAbidjan #AbidjanShopping #LivraisonAbidjan #WAZAP","Tu vends quoi dans ta boutique ? Vêtements, nourriture, mèches, beauté ? Dis-le en com 👇","Prêt à programmer"
"38","19","soir (19h00)","livreur","generated/wazap_tiktok_j38.mp4","Sois ton propre patron : [choisis tes heures] et tes courses 🛵","Sois ton propre patron : choisis tes heures et tes courses 🛵

Rejoins la flotte WAZAP : reçois les propositions de livraison proches de toi. Zéro commission abusive, liberté totale.

👉 Postule gratuitement via le lien dans la bio !

#LivreurAbidjan #MotoAbidjan #JobAbidjan #EmploiCI #GagnerDeLargent #Abidjan225 #WAZAP","Tu roules sur quelle moto et dans quel quartier ? Dis-le en com 🛵👇","Prêt à programmer"
"39","20","matin (12h00)","client","generated/wazap_tiktok_j39.mp4","La [Garantie Colis Sûr] : ton colis indemnisé à 100% en cas de souci","La Garantie Colis Sûr : ton colis indemnisé à 100% en cas de souci

Avec WAZAP, chaque course est tracée sur la carte avec un code PIN secret. Le client sait où est son colis à la seconde près !

👉 Découvre l’expérience en cliquant sur le lien en bio.

#TechCI #AbidjanInnovation #SecuriteColis #LivraisonFiable #WAZAP","C’est quoi la pire excuse qu’un coursier t’a déjà sortie ? Raconte en com 😂👇","Prêt à programmer"
"40","20","soir (19h00)","commercant","generated/wazap_tiktok_j40.mp4","Le secret des boutiques qui [livrent en 45 min] à Abidjan ⚡","Le secret des boutiques qui livrent en 45 min à Abidjan ⚡

Avec WAZAP, tu trouves un livreur vérifié dans ton quartier en 1 clic. Zéro frais d’abonnement, tes 15 premières livraisons sont offertes pour tester !

👉 Clique le lien dans la bio pour activer ton commerce en 30 secondes.

#VenteEnLigne #CommerceAbidjan #BoutiqueAbidjan #AbidjanShopping #LivraisonAbidjan #WAZAP","Tu vends quoi dans ta boutique ? Vêtements, nourriture, mèches, beauté ? Dis-le en com 👇","Prêt à programmer"
"41","21","matin (12h00)","livreur","generated/wazap_tiktok_j41.mp4","Pourquoi rouler pour rien quand les boutiques [t’appellent direct] ?","Pourquoi rouler pour rien quand les boutiques t’appellent direct ?

Rejoins la flotte WAZAP : reçois les propositions de livraison proches de toi. Zéro commission abusive, liberté totale.

👉 Postule gratuitement via le lien dans la bio !

#LivreurAbidjan #MotoAbidjan #JobAbidjan #EmploiCI #GagnerDeLargent #Abidjan225 #WAZAP","Tu roules sur quelle moto et dans quel quartier ? Dis-le en com 🛵👇","Prêt à programmer"
"42","21","soir (19h00)","quartier","generated/wazap_tiktok_j42.mp4","Avis aux boutiques et livreurs de [Yopougon] ! 📍","Avis à Yopougon ! WAZAP connecte les commerces et les livreurs de votre commune pour livrer en moins d’une heure. Siporex, Bel Air, Niangon, Maroc.

👉 15 livraisons offertes via le lien en bio !

#Yopougon #Abidjan #QuartierAbidjan #BoutiqueYopougon #CommerceCI #WAZAP","Tu es dans quel coin de Yopougon ? Dis-nous en commentaire 👇","Prêt à programmer"
"43","22","matin (12h00)","commercant","generated/wazap_tiktok_j43.mp4","Tes clients veulent commander... et [personne ne livre] ?","Tes clients veulent commander... et personne ne livre ?

Avec WAZAP, tu trouves un livreur vérifié dans ton quartier en 1 clic. Zéro frais d’abonnement, tes 15 premières livraisons sont offertes pour tester !

👉 Clique le lien dans la bio pour activer ton commerce en 30 secondes.

#VenteEnLigne #CommerceAbidjan #BoutiqueAbidjan #AbidjanShopping #LivraisonAbidjan #WAZAP","Tu vends quoi dans ta boutique ? Vêtements, nourriture, mèches, beauté ? Dis-le en com 👇","Prêt à programmer"
"44","22","soir (19h00)","livreur","generated/wazap_tiktok_j44.mp4","Sois ton propre patron : [choisis tes heures] et tes courses 🛵","Sois ton propre patron : choisis tes heures et tes courses 🛵

Rejoins la flotte WAZAP : reçois les propositions de livraison proches de toi. Zéro commission abusive, liberté totale.

👉 Postule gratuitement via le lien dans la bio !

#LivreurAbidjan #MotoAbidjan #JobAbidjan #EmploiCI #GagnerDeLargent #Abidjan225 #WAZAP","Tu roules sur quelle moto et dans quel quartier ? Dis-le en com 🛵👇","Prêt à programmer"
"45","23","matin (12h00)","humour","generated/wazap_tiktok_j45.mp4","Les [3 pires mensonges] des livreurs quand le colis a 2h de retard 🛵","Les 3 pires mensonges des livreurs quand le colis a 2h de retard 🛵

Fini les galères de livraison à Babi. Avec WAZAP, tu suis le livreur sur la carte et tout est carré.

👉 Rejoins le mouvement via le lien en bio !

#HumourIvoirien #AbidjanRires #Babi225 #CoteDIvoireComedy #WAZAP","Ça t’est déjà arrivé ? Raconte ton expérience la plus drôle en com 👇","Prêt à programmer"
"46","23","soir (19h00)","commercant","generated/wazap_tiktok_j46.mp4","Le secret des boutiques qui [livrent en 45 min] à Abidjan ⚡","Le secret des boutiques qui livrent en 45 min à Abidjan ⚡

Avec WAZAP, tu trouves un livreur vérifié dans ton quartier en 1 clic. Zéro frais d’abonnement, tes 15 premières livraisons sont offertes pour tester !

👉 Clique le lien dans la bio pour activer ton commerce en 30 secondes.

#VenteEnLigne #CommerceAbidjan #BoutiqueAbidjan #AbidjanShopping #LivraisonAbidjan #WAZAP","Tu vends quoi dans ta boutique ? Vêtements, nourriture, mèches, beauté ? Dis-le en com 👇","Prêt à programmer"
"47","24","matin (12h00)","livreur","generated/wazap_tiktok_j47.mp4","Pourquoi rouler pour rien quand les boutiques [t’appellent direct] ?","Pourquoi rouler pour rien quand les boutiques t’appellent direct ?

Rejoins la flotte WAZAP : reçois les propositions de livraison proches de toi. Zéro commission abusive, liberté totale.

👉 Postule gratuitement via le lien dans la bio !

#LivreurAbidjan #MotoAbidjan #JobAbidjan #EmploiCI #GagnerDeLargent #Abidjan225 #WAZAP","Tu roules sur quelle moto et dans quel quartier ? Dis-le en com 🛵👇","Prêt à programmer"
"48","24","soir (19h00)","client","generated/wazap_tiktok_j48.mp4","Fini le légendaire [Allô le livreur tu es où] ? 🗺️📍","Fini le légendaire Allô le livreur tu es où ? 🗺️📍

Avec WAZAP, chaque course est tracée sur la carte avec un code PIN secret. Le client sait où est son colis à la seconde près !

👉 Découvre l’expérience en cliquant sur le lien en bio.

#TechCI #AbidjanInnovation #SecuriteColis #LivraisonFiable #WAZAP","C’est quoi la pire excuse qu’un coursier t’a déjà sortie ? Raconte en com 😂👇","Prêt à programmer"
"49","25","matin (12h00)","commercant","generated/wazap_tiktok_j49.mp4","Tes clients veulent commander... et [personne ne livre] ?","Tes clients veulent commander... et personne ne livre ?

Avec WAZAP, tu trouves un livreur vérifié dans ton quartier en 1 clic. Zéro frais d’abonnement, tes 15 premières livraisons sont offertes pour tester !

👉 Clique le lien dans la bio pour activer ton commerce en 30 secondes.

#VenteEnLigne #CommerceAbidjan #BoutiqueAbidjan #AbidjanShopping #LivraisonAbidjan #WAZAP","Tu vends quoi dans ta boutique ? Vêtements, nourriture, mèches, beauté ? Dis-le en com 👇","Prêt à programmer"
"50","25","soir (19h00)","livreur","generated/wazap_tiktok_j50.mp4","Sois ton propre patron : [choisis tes heures] et tes courses 🛵","Sois ton propre patron : choisis tes heures et tes courses 🛵

Rejoins la flotte WAZAP : reçois les propositions de livraison proches de toi. Zéro commission abusive, liberté totale.

👉 Postule gratuitement via le lien dans la bio !

#LivreurAbidjan #MotoAbidjan #JobAbidjan #EmploiCI #GagnerDeLargent #Abidjan225 #WAZAP","Tu roules sur quelle moto et dans quel quartier ? Dis-le en com 🛵👇","Prêt à programmer"
"51","26","matin (12h00)","quartier","generated/wazap_tiktok_j51.mp4","Avis aux boutiques et livreurs de [Cocody] ! 📍","Avis à Cocody ! WAZAP connecte les commerces et les livreurs de votre commune pour livrer en moins d’une heure. Angré, Riviera, Deux Plateaux, Saint-Jean.

👉 15 livraisons offertes via le lien en bio !

#Cocody #Abidjan #QuartierAbidjan #BoutiqueCocody #CommerceCI #WAZAP","Tu es dans quel coin de Cocody ? Dis-nous en commentaire 👇","Prêt à programmer"
"52","26","soir (19h00)","commercant","generated/wazap_tiktok_j52.mp4","Le secret des boutiques qui [livrent en 45 min] à Abidjan ⚡","Le secret des boutiques qui livrent en 45 min à Abidjan ⚡

Avec WAZAP, tu trouves un livreur vérifié dans ton quartier en 1 clic. Zéro frais d’abonnement, tes 15 premières livraisons sont offertes pour tester !

👉 Clique le lien dans la bio pour activer ton commerce en 30 secondes.

#VenteEnLigne #CommerceAbidjan #BoutiqueAbidjan #AbidjanShopping #LivraisonAbidjan #WAZAP","Tu vends quoi dans ta boutique ? Vêtements, nourriture, mèches, beauté ? Dis-le en com 👇","Prêt à programmer"
"53","27","matin (12h00)","livreur","generated/wazap_tiktok_j53.mp4","Pourquoi rouler pour rien quand les boutiques [t’appellent direct] ?","Pourquoi rouler pour rien quand les boutiques t’appellent direct ?

Rejoins la flotte WAZAP : reçois les propositions de livraison proches de toi. Zéro commission abusive, liberté totale.

👉 Postule gratuitement via le lien dans la bio !

#LivreurAbidjan #MotoAbidjan #JobAbidjan #EmploiCI #GagnerDeLargent #Abidjan225 #WAZAP","Tu roules sur quelle moto et dans quel quartier ? Dis-le en com 🛵👇","Prêt à programmer"
"54","27","soir (19h00)","client","generated/wazap_tiktok_j54.mp4","Regarde le livreur [arriver en temps réel] sur la carte interactive ⚡","Regarde le livreur arriver en temps réel sur la carte interactive ⚡

Avec WAZAP, chaque course est tracée sur la carte avec un code PIN secret. Le client sait où est son colis à la seconde près !

👉 Découvre l’expérience en cliquant sur le lien en bio.

#TechCI #AbidjanInnovation #SecuriteColis #LivraisonFiable #WAZAP","C’est quoi la pire excuse qu’un coursier t’a déjà sortie ? Raconte en com 😂👇","Prêt à programmer"
"55","28","matin (12h00)","commercant","generated/wazap_tiktok_j55.mp4","Tes clients veulent commander... et [personne ne livre] ?","Tes clients veulent commander... et personne ne livre ?

Avec WAZAP, tu trouves un livreur vérifié dans ton quartier en 1 clic. Zéro frais d’abonnement, tes 15 premières livraisons sont offertes pour tester !

👉 Clique le lien dans la bio pour activer ton commerce en 30 secondes.

#VenteEnLigne #CommerceAbidjan #BoutiqueAbidjan #AbidjanShopping #LivraisonAbidjan #WAZAP","Tu vends quoi dans ta boutique ? Vêtements, nourriture, mèches, beauté ? Dis-le en com 👇","Prêt à programmer"
"56","28","soir (19h00)","livreur","generated/wazap_tiktok_j56.mp4","Sois ton propre patron : [choisis tes heures] et tes courses 🛵","Sois ton propre patron : choisis tes heures et tes courses 🛵

Rejoins la flotte WAZAP : reçois les propositions de livraison proches de toi. Zéro commission abusive, liberté totale.

👉 Postule gratuitement via le lien dans la bio !

#LivreurAbidjan #MotoAbidjan #JobAbidjan #EmploiCI #GagnerDeLargent #Abidjan225 #WAZAP","Tu roules sur quelle moto et dans quel quartier ? Dis-le en com 🛵👇","Prêt à programmer"
"57","29","matin (12h00)","quartier","generated/wazap_tiktok_j57.mp4","Avis aux boutiques et livreurs de [Port-Bouët] ! 📍","Avis à Port-Bouët ! WAZAP connecte les commerces et les livreurs de votre commune pour livrer en moins d’une heure. Vridi, Derrière Wharf, Jean Folly.

👉 15 livraisons offertes via le lien en bio !

#Port-Bouët #Abidjan #QuartierAbidjan #BoutiquePort-Bouët #CommerceCI #WAZAP","Tu es dans quel coin de Port-Bouët ? Dis-nous en commentaire 👇","Prêt à programmer"
"58","29","soir (19h00)","commercant","generated/wazap_tiktok_j58.mp4","Le secret des boutiques qui [livrent en 45 min] à Abidjan ⚡","Le secret des boutiques qui livrent en 45 min à Abidjan ⚡

Avec WAZAP, tu trouves un livreur vérifié dans ton quartier en 1 clic. Zéro frais d’abonnement, tes 15 premières livraisons sont offertes pour tester !

👉 Clique le lien dans la bio pour activer ton commerce en 30 secondes.

#VenteEnLigne #CommerceAbidjan #BoutiqueAbidjan #AbidjanShopping #LivraisonAbidjan #WAZAP","Tu vends quoi dans ta boutique ? Vêtements, nourriture, mèches, beauté ? Dis-le en com 👇","Prêt à programmer"
"59","30","matin (12h00)","livreur","generated/wazap_tiktok_j59.mp4","Pourquoi rouler pour rien quand les boutiques [t’appellent direct] ?","Pourquoi rouler pour rien quand les boutiques t’appellent direct ?

Rejoins la flotte WAZAP : reçois les propositions de livraison proches de toi. Zéro commission abusive, liberté totale.

👉 Postule gratuitement via le lien dans la bio !

#LivreurAbidjan #MotoAbidjan #JobAbidjan #EmploiCI #GagnerDeLargent #Abidjan225 #WAZAP","Tu roules sur quelle moto et dans quel quartier ? Dis-le en com 🛵👇","Prêt à programmer"
"60","30","soir (19h00)","humour","generated/wazap_tiktok_j60.mp4","Quand la cliente te dit [Je suis en bas] mais elle se maquille encore 💄😂","Quand la cliente te dit Je suis en bas mais elle se maquille encore 💄😂

Fini les galères de livraison à Babi. Avec WAZAP, tu suis le livreur sur la carte et tout est carré.

👉 Rejoins le mouvement via le lien en bio !

#HumourIvoirien #AbidjanRires #Babi225 #CoteDIvoireComedy #WAZAP","Ça t’est déjà arrivé ? Raconte ton expérience la plus drôle en com 👇","Prêt à programmer"
"61","31","matin (12h00)","commercant","generated/wazap_tiktok_j61.mp4","Tes clients veulent commander... et [personne ne livre] ?","Tes clients veulent commander... et personne ne livre ?

Avec WAZAP, tu trouves un livreur vérifié dans ton quartier en 1 clic. Zéro frais d’abonnement, tes 15 premières livraisons sont offertes pour tester !

👉 Clique le lien dans la bio pour activer ton commerce en 30 secondes.

#VenteEnLigne #CommerceAbidjan #BoutiqueAbidjan #AbidjanShopping #LivraisonAbidjan #WAZAP","Tu vends quoi dans ta boutique ? Vêtements, nourriture, mèches, beauté ? Dis-le en com 👇","Prêt à programmer"
"62","31","soir (19h00)","livreur","generated/wazap_tiktok_j62.mp4","Sois ton propre patron : [choisis tes heures] et tes courses 🛵","Sois ton propre patron : choisis tes heures et tes courses 🛵

Rejoins la flotte WAZAP : reçois les propositions de livraison proches de toi. Zéro commission abusive, liberté totale.

👉 Postule gratuitement via le lien dans la bio !

#LivreurAbidjan #MotoAbidjan #JobAbidjan #EmploiCI #GagnerDeLargent #Abidjan225 #WAZAP","Tu roules sur quelle moto et dans quel quartier ? Dis-le en com 🛵👇","Prêt à programmer"
"63","32","matin (12h00)","client","generated/wazap_tiktok_j63.mp4","La [Garantie Colis Sûr] : ton colis indemnisé à 100% en cas de souci","La Garantie Colis Sûr : ton colis indemnisé à 100% en cas de souci

Avec WAZAP, chaque course est tracée sur la carte avec un code PIN secret. Le client sait où est son colis à la seconde près !

👉 Découvre l’expérience en cliquant sur le lien en bio.

#TechCI #AbidjanInnovation #SecuriteColis #LivraisonFiable #WAZAP","C’est quoi la pire excuse qu’un coursier t’a déjà sortie ? Raconte en com 😂👇","Prêt à programmer"
"64","32","soir (19h00)","commercant","generated/wazap_tiktok_j64.mp4","Le secret des boutiques qui [livrent en 45 min] à Abidjan ⚡","Le secret des boutiques qui livrent en 45 min à Abidjan ⚡

Avec WAZAP, tu trouves un livreur vérifié dans ton quartier en 1 clic. Zéro frais d’abonnement, tes 15 premières livraisons sont offertes pour tester !

👉 Clique le lien dans la bio pour activer ton commerce en 30 secondes.

#VenteEnLigne #CommerceAbidjan #BoutiqueAbidjan #AbidjanShopping #LivraisonAbidjan #WAZAP","Tu vends quoi dans ta boutique ? Vêtements, nourriture, mèches, beauté ? Dis-le en com 👇","Prêt à programmer"
"65","33","matin (12h00)","livreur","generated/wazap_tiktok_j65.mp4","Pourquoi rouler pour rien quand les boutiques [t’appellent direct] ?","Pourquoi rouler pour rien quand les boutiques t’appellent direct ?

Rejoins la flotte WAZAP : reçois les propositions de livraison proches de toi. Zéro commission abusive, liberté totale.

👉 Postule gratuitement via le lien dans la bio !

#LivreurAbidjan #MotoAbidjan #JobAbidjan #EmploiCI #GagnerDeLargent #Abidjan225 #WAZAP","Tu roules sur quelle moto et dans quel quartier ? Dis-le en com 🛵👇","Prêt à programmer"
"66","33","soir (19h00)","quartier","generated/wazap_tiktok_j66.mp4","Avis aux boutiques et livreurs de [Treichville] ! 📍","Avis à Treichville ! WAZAP connecte les commerces et les livreurs de votre commune pour livrer en moins d’une heure. Avenue 16, Arras, Rue 12.

👉 15 livraisons offertes via le lien en bio !

#Treichville #Abidjan #QuartierAbidjan #BoutiqueTreichville #CommerceCI #WAZAP","Tu es dans quel coin de Treichville ? Dis-nous en commentaire 👇","Prêt à programmer"
"67","34","matin (12h00)","commercant","generated/wazap_tiktok_j67.mp4","Tes clients veulent commander... et [personne ne livre] ?","Tes clients veulent commander... et personne ne livre ?

Avec WAZAP, tu trouves un livreur vérifié dans ton quartier en 1 clic. Zéro frais d’abonnement, tes 15 premières livraisons sont offertes pour tester !

👉 Clique le lien dans la bio pour activer ton commerce en 30 secondes.

#VenteEnLigne #CommerceAbidjan #BoutiqueAbidjan #AbidjanShopping #LivraisonAbidjan #WAZAP","Tu vends quoi dans ta boutique ? Vêtements, nourriture, mèches, beauté ? Dis-le en com 👇","Prêt à programmer"
"68","34","soir (19h00)","livreur","generated/wazap_tiktok_j68.mp4","Sois ton propre patron : [choisis tes heures] et tes courses 🛵","Sois ton propre patron : choisis tes heures et tes courses 🛵

Rejoins la flotte WAZAP : reçois les propositions de livraison proches de toi. Zéro commission abusive, liberté totale.

👉 Postule gratuitement via le lien dans la bio !

#LivreurAbidjan #MotoAbidjan #JobAbidjan #EmploiCI #GagnerDeLargent #Abidjan225 #WAZAP","Tu roules sur quelle moto et dans quel quartier ? Dis-le en com 🛵👇","Prêt à programmer"
"69","35","matin (12h00)","client","generated/wazap_tiktok_j69.mp4","Le [Code Secret PIN] qui empêche les vols de colis à Abidjan 🔒","Le Code Secret PIN qui empêche les vols de colis à Abidjan 🔒

Avec WAZAP, chaque course est tracée sur la carte avec un code PIN secret. Le client sait où est son colis à la seconde près !

👉 Découvre l’expérience en cliquant sur le lien en bio.

#TechCI #AbidjanInnovation #SecuriteColis #LivraisonFiable #WAZAP","C’est quoi la pire excuse qu’un coursier t’a déjà sortie ? Raconte en com 😂👇","Prêt à programmer"
"70","35","soir (19h00)","commercant","generated/wazap_tiktok_j70.mp4","Le secret des boutiques qui [livrent en 45 min] à Abidjan ⚡","Le secret des boutiques qui livrent en 45 min à Abidjan ⚡

Avec WAZAP, tu trouves un livreur vérifié dans ton quartier en 1 clic. Zéro frais d’abonnement, tes 15 premières livraisons sont offertes pour tester !

👉 Clique le lien dans la bio pour activer ton commerce en 30 secondes.

#VenteEnLigne #CommerceAbidjan #BoutiqueAbidjan #AbidjanShopping #LivraisonAbidjan #WAZAP","Tu vends quoi dans ta boutique ? Vêtements, nourriture, mèches, beauté ? Dis-le en com 👇","Prêt à programmer"
"71","36","matin (12h00)","livreur","generated/wazap_tiktok_j71.mp4","Pourquoi rouler pour rien quand les boutiques [t’appellent direct] ?","Pourquoi rouler pour rien quand les boutiques t’appellent direct ?

Rejoins la flotte WAZAP : reçois les propositions de livraison proches de toi. Zéro commission abusive, liberté totale.

👉 Postule gratuitement via le lien dans la bio !

#LivreurAbidjan #MotoAbidjan #JobAbidjan #EmploiCI #GagnerDeLargent #Abidjan225 #WAZAP","Tu roules sur quelle moto et dans quel quartier ? Dis-le en com 🛵👇","Prêt à programmer"
"72","36","soir (19h00)","quartier","generated/wazap_tiktok_j72.mp4","Avis aux boutiques et livreurs de [Yopougon] ! 📍","Avis à Yopougon ! WAZAP connecte les commerces et les livreurs de votre commune pour livrer en moins d’une heure. Siporex, Bel Air, Niangon, Maroc.

👉 15 livraisons offertes via le lien en bio !

#Yopougon #Abidjan #QuartierAbidjan #BoutiqueYopougon #CommerceCI #WAZAP","Tu es dans quel coin de Yopougon ? Dis-nous en commentaire 👇","Prêt à programmer"
"73","37","matin (12h00)","commercant","generated/wazap_tiktok_j73.mp4","Tes clients veulent commander... et [personne ne livre] ?","Tes clients veulent commander... et personne ne livre ?

Avec WAZAP, tu trouves un livreur vérifié dans ton quartier en 1 clic. Zéro frais d’abonnement, tes 15 premières livraisons sont offertes pour tester !

👉 Clique le lien dans la bio pour activer ton commerce en 30 secondes.

#VenteEnLigne #CommerceAbidjan #BoutiqueAbidjan #AbidjanShopping #LivraisonAbidjan #WAZAP","Tu vends quoi dans ta boutique ? Vêtements, nourriture, mèches, beauté ? Dis-le en com 👇","Prêt à programmer"
"74","37","soir (19h00)","livreur","generated/wazap_tiktok_j74.mp4","Sois ton propre patron : [choisis tes heures] et tes courses 🛵","Sois ton propre patron : choisis tes heures et tes courses 🛵

Rejoins la flotte WAZAP : reçois les propositions de livraison proches de toi. Zéro commission abusive, liberté totale.

👉 Postule gratuitement via le lien dans la bio !

#LivreurAbidjan #MotoAbidjan #JobAbidjan #EmploiCI #GagnerDeLargent #Abidjan225 #WAZAP","Tu roules sur quelle moto et dans quel quartier ? Dis-le en com 🛵👇","Prêt à programmer"
"75","38","matin (12h00)","humour","generated/wazap_tiktok_j75.mp4","Le moment où le client te dit [J’ai seulement billet de 10 000 F] 💀","Le moment où le client te dit J’ai seulement billet de 10 000 F 💀

Fini les galères de livraison à Babi. Avec WAZAP, tu suis le livreur sur la carte et tout est carré.

👉 Rejoins le mouvement via le lien en bio !

#HumourIvoirien #AbidjanRires #Babi225 #CoteDIvoireComedy #WAZAP","Ça t’est déjà arrivé ? Raconte ton expérience la plus drôle en com 👇","Prêt à programmer"
"76","38","soir (19h00)","commercant","generated/wazap_tiktok_j76.mp4","Le secret des boutiques qui [livrent en 45 min] à Abidjan ⚡","Le secret des boutiques qui livrent en 45 min à Abidjan ⚡

Avec WAZAP, tu trouves un livreur vérifié dans ton quartier en 1 clic. Zéro frais d’abonnement, tes 15 premières livraisons sont offertes pour tester !

👉 Clique le lien dans la bio pour activer ton commerce en 30 secondes.

#VenteEnLigne #CommerceAbidjan #BoutiqueAbidjan #AbidjanShopping #LivraisonAbidjan #WAZAP","Tu vends quoi dans ta boutique ? Vêtements, nourriture, mèches, beauté ? Dis-le en com 👇","Prêt à programmer"
"77","39","matin (12h00)","livreur","generated/wazap_tiktok_j77.mp4","Pourquoi rouler pour rien quand les boutiques [t’appellent direct] ?","Pourquoi rouler pour rien quand les boutiques t’appellent direct ?

Rejoins la flotte WAZAP : reçois les propositions de livraison proches de toi. Zéro commission abusive, liberté totale.

👉 Postule gratuitement via le lien dans la bio !

#LivreurAbidjan #MotoAbidjan #JobAbidjan #EmploiCI #GagnerDeLargent #Abidjan225 #WAZAP","Tu roules sur quelle moto et dans quel quartier ? Dis-le en com 🛵👇","Prêt à programmer"
"78","39","soir (19h00)","client","generated/wazap_tiktok_j78.mp4","Regarde le livreur [arriver en temps réel] sur la carte interactive ⚡","Regarde le livreur arriver en temps réel sur la carte interactive ⚡

Avec WAZAP, chaque course est tracée sur la carte avec un code PIN secret. Le client sait où est son colis à la seconde près !

👉 Découvre l’expérience en cliquant sur le lien en bio.

#TechCI #AbidjanInnovation #SecuriteColis #LivraisonFiable #WAZAP","C’est quoi la pire excuse qu’un coursier t’a déjà sortie ? Raconte en com 😂👇","Prêt à programmer"
"79","40","matin (12h00)","commercant","generated/wazap_tiktok_j79.mp4","Tes clients veulent commander... et [personne ne livre] ?","Tes clients veulent commander... et personne ne livre ?

Avec WAZAP, tu trouves un livreur vérifié dans ton quartier en 1 clic. Zéro frais d’abonnement, tes 15 premières livraisons sont offertes pour tester !

👉 Clique le lien dans la bio pour activer ton commerce en 30 secondes.

#VenteEnLigne #CommerceAbidjan #BoutiqueAbidjan #AbidjanShopping #LivraisonAbidjan #WAZAP","Tu vends quoi dans ta boutique ? Vêtements, nourriture, mèches, beauté ? Dis-le en com 👇","Prêt à programmer"
"80","40","soir (19h00)","livreur","generated/wazap_tiktok_j80.mp4","Sois ton propre patron : [choisis tes heures] et tes courses 🛵","Sois ton propre patron : choisis tes heures et tes courses 🛵

Rejoins la flotte WAZAP : reçois les propositions de livraison proches de toi. Zéro commission abusive, liberté totale.

👉 Postule gratuitement via le lien dans la bio !

#LivreurAbidjan #MotoAbidjan #JobAbidjan #EmploiCI #GagnerDeLargent #Abidjan225 #WAZAP","Tu roules sur quelle moto et dans quel quartier ? Dis-le en com 🛵👇","Prêt à programmer"
"81","41","matin (12h00)","quartier","generated/wazap_tiktok_j81.mp4","Avis aux boutiques et livreurs de [Cocody] ! 📍","Avis à Cocody ! WAZAP connecte les commerces et les livreurs de votre commune pour livrer en moins d’une heure. Angré, Riviera, Deux Plateaux, Saint-Jean.

👉 15 livraisons offertes via le lien en bio !

#Cocody #Abidjan #QuartierAbidjan #BoutiqueCocody #CommerceCI #WAZAP","Tu es dans quel coin de Cocody ? Dis-nous en commentaire 👇","Prêt à programmer"
"82","41","soir (19h00)","commercant","generated/wazap_tiktok_j82.mp4","Le secret des boutiques qui [livrent en 45 min] à Abidjan ⚡","Le secret des boutiques qui livrent en 45 min à Abidjan ⚡

Avec WAZAP, tu trouves un livreur vérifié dans ton quartier en 1 clic. Zéro frais d’abonnement, tes 15 premières livraisons sont offertes pour tester !

👉 Clique le lien dans la bio pour activer ton commerce en 30 secondes.

#VenteEnLigne #CommerceAbidjan #BoutiqueAbidjan #AbidjanShopping #LivraisonAbidjan #WAZAP","Tu vends quoi dans ta boutique ? Vêtements, nourriture, mèches, beauté ? Dis-le en com 👇","Prêt à programmer"
"83","42","matin (12h00)","livreur","generated/wazap_tiktok_j83.mp4","Pourquoi rouler pour rien quand les boutiques [t’appellent direct] ?","Pourquoi rouler pour rien quand les boutiques t’appellent direct ?

Rejoins la flotte WAZAP : reçois les propositions de livraison proches de toi. Zéro commission abusive, liberté totale.

👉 Postule gratuitement via le lien dans la bio !

#LivreurAbidjan #MotoAbidjan #JobAbidjan #EmploiCI #GagnerDeLargent #Abidjan225 #WAZAP","Tu roules sur quelle moto et dans quel quartier ? Dis-le en com 🛵👇","Prêt à programmer"
"84","42","soir (19h00)","client","generated/wazap_tiktok_j84.mp4","Fini le légendaire [Allô le livreur tu es où] ? 🗺️📍","Fini le légendaire Allô le livreur tu es où ? 🗺️📍

Avec WAZAP, chaque course est tracée sur la carte avec un code PIN secret. Le client sait où est son colis à la seconde près !

👉 Découvre l’expérience en cliquant sur le lien en bio.

#TechCI #AbidjanInnovation #SecuriteColis #LivraisonFiable #WAZAP","C’est quoi la pire excuse qu’un coursier t’a déjà sortie ? Raconte en com 😂👇","Prêt à programmer"
"85","43","matin (12h00)","commercant","generated/wazap_tiktok_j85.mp4","Tes clients veulent commander... et [personne ne livre] ?","Tes clients veulent commander... et personne ne livre ?

Avec WAZAP, tu trouves un livreur vérifié dans ton quartier en 1 clic. Zéro frais d’abonnement, tes 15 premières livraisons sont offertes pour tester !

👉 Clique le lien dans la bio pour activer ton commerce en 30 secondes.

#VenteEnLigne #CommerceAbidjan #BoutiqueAbidjan #AbidjanShopping #LivraisonAbidjan #WAZAP","Tu vends quoi dans ta boutique ? Vêtements, nourriture, mèches, beauté ? Dis-le en com 👇","Prêt à programmer"
"86","43","soir (19h00)","livreur","generated/wazap_tiktok_j86.mp4","Sois ton propre patron : [choisis tes heures] et tes courses 🛵","Sois ton propre patron : choisis tes heures et tes courses 🛵

Rejoins la flotte WAZAP : reçois les propositions de livraison proches de toi. Zéro commission abusive, liberté totale.

👉 Postule gratuitement via le lien dans la bio !

#LivreurAbidjan #MotoAbidjan #JobAbidjan #EmploiCI #GagnerDeLargent #Abidjan225 #WAZAP","Tu roules sur quelle moto et dans quel quartier ? Dis-le en com 🛵👇","Prêt à programmer"
"87","44","matin (12h00)","quartier","generated/wazap_tiktok_j87.mp4","Avis aux boutiques et livreurs de [Port-Bouët] ! 📍","Avis à Port-Bouët ! WAZAP connecte les commerces et les livreurs de votre commune pour livrer en moins d’une heure. Vridi, Derrière Wharf, Jean Folly.

👉 15 livraisons offertes via le lien en bio !

#Port-Bouët #Abidjan #QuartierAbidjan #BoutiquePort-Bouët #CommerceCI #WAZAP","Tu es dans quel coin de Port-Bouët ? Dis-nous en commentaire 👇","Prêt à programmer"
"88","44","soir (19h00)","commercant","generated/wazap_tiktok_j88.mp4","Le secret des boutiques qui [livrent en 45 min] à Abidjan ⚡","Le secret des boutiques qui livrent en 45 min à Abidjan ⚡

Avec WAZAP, tu trouves un livreur vérifié dans ton quartier en 1 clic. Zéro frais d’abonnement, tes 15 premières livraisons sont offertes pour tester !

👉 Clique le lien dans la bio pour activer ton commerce en 30 secondes.

#VenteEnLigne #CommerceAbidjan #BoutiqueAbidjan #AbidjanShopping #LivraisonAbidjan #WAZAP","Tu vends quoi dans ta boutique ? Vêtements, nourriture, mèches, beauté ? Dis-le en com 👇","Prêt à programmer"
"89","45","matin (12h00)","livreur","generated/wazap_tiktok_j89.mp4","Pourquoi rouler pour rien quand les boutiques [t’appellent direct] ?","Pourquoi rouler pour rien quand les boutiques t’appellent direct ?

Rejoins la flotte WAZAP : reçois les propositions de livraison proches de toi. Zéro commission abusive, liberté totale.

👉 Postule gratuitement via le lien dans la bio !

#LivreurAbidjan #MotoAbidjan #JobAbidjan #EmploiCI #GagnerDeLargent #Abidjan225 #WAZAP","Tu roules sur quelle moto et dans quel quartier ? Dis-le en com 🛵👇","Prêt à programmer"
"90","45","soir (19h00)","humour","generated/wazap_tiktok_j90.mp4","Commander du [garba chaud] et le voir arriver frais et croustillant 🍗🔥","Commander du garba chaud et le voir arriver frais et croustillant 🍗🔥

Fini les galères de livraison à Babi. Avec WAZAP, tu suis le livreur sur la carte et tout est carré.

👉 Rejoins le mouvement via le lien en bio !

#HumourIvoirien #AbidjanRires #Babi225 #CoteDIvoireComedy #WAZAP","Ça t’est déjà arrivé ? Raconte ton expérience la plus drôle en com 👇","Prêt à programmer"